8.25,5.3662,0.42,-11.1481,318.18,208.2991,8.14,5.34850000000001,18165,-5921.1,18165,-5720
7.7,4.651,-1.62,-13.625,306.81,194.8064,7.87,4.9754,18165,-3447.7,16520,-5652.5
7.49,4.59819999999999,-0.44,-14.1547,291.51,189.1779,7.44,4.8332,16520,-4232.6,8780,-7776.32352941176
6.44,4.118,0.64,-9.6269,254.27,168.1709,6.5,4.2327,19460,-5975.15,19460,-3257.64705882353
6,3.8086,-1.48,-14.0437,260.73,170.0479,6.65,4.299,19460,-4727.95,8860,-6011.61764705882
6.22,4.2524,0.32,-10.8335,252.53,174.5777,6.48,4.4662,11870,-5232.7,11870,-5299.70588235294
6.34,4.1198,-0.42,-13.5318,251.95,167.7783,6.47,4.2518,17065,-5697.75,17065,-7395.29411764706
7.22,4.5773,1.9,-12.3805,282.52,187.354,7.27,4.7452,17065,-5036,11225,-7292.35294117647
6.33,4.0533,-0.05,-9.8018,249.94,165.6362,6.43,4.166,23395,-5272.55,23395,-3541.32352941176
7.34,4.4106,2.16,-12.3355,311.25,201.0009,7.93,5.0936,23395,-4226.6,14460,-6726.61764705882
7.4,4.892,1.38,-11.0032,298.42,205.6884,7.67,5.2554,20315,-3245.85,20315,-4039.11764705882
7.64,4.3033,0.34,-13.0677,297.09,186.6586,7.65,4.7307,20315,-3841.95,18085,-6013.82352941176
7.05,4.3801,0.06,-12.8808,282.52,179.9555,7.22,4.5503,18085,-4855.45,16790,-6024.70588235294
6.42,4.059,1.69,-10.9181,262.52,169.0193,6.72,4.316,17340,-5232.65,17340,-5583.97058823529
6.92,4.407,2.07,-10.5521,277.8,181.1814,7.08,4.6186,21530,-4579.65,21530,-5541.47058823529
7.08,4.8542,1.88,-12.0033,278.73,205.7088,7.12,5.25,21530,-3619.7,14345,-5370.44117647059
7.35,4.5674,2.31,-9.59110000000001,291.19,189.888,7.43,4.7938,21680,-3727.95,21680,-3915.58823529412
7.11,4.2543,0.44,-12.043,282.2,181.5944,7.18,4.5814,21680,-3686.6,18350,-5916.02941176471
7.32,4.509,0.27,-11.8047,292.17,189.6985,7.45,4.8333,18350,-3736.95,16555,-5443.38235294118
10.8,4.6789,-6.38,-18.6228,394.94,225.3221,10.07,5.6991,18865,-137.25,18865,-9417.20588235294
7.22,4.3426,2.41,-12.6557,291.84,185.3624,7.42,4.636,18865,-4225.9,14135,-7500.88235294118
6.7,4.4633,0.19,-10.6877,269.46,186.4359,6.88,4.7033,15105,-4144.95,15105,-4184.41176470588
7.01,4.8446,1.69,-12.3773,276.86,199.8714,7.06,5.0891,15105,-4485,14920,-6034.70588235294
7.4,4.3748,-0.32,-11.294,292.82,181.0967,7.46,4.6086,18745,-4071.9,18745,-4410.14705882353
7.62,4.8704,2,-11.5821,298.75,200.5391,7.61,5.1079,18745,-3684.5,14265,-5376.47058823529
7.02,4.4399,-0.27,-13.3276,278.42,180.9187,7.1,4.6085,14265,-3949,12465,-6443.23529411765
6.26,4.0975,0.19,-10.7037,255.14,172.293,6.49,4.3452,17350,-5014.6,17350,-4356.76470588235
6.73,4.5776,0.88,-12.5066,275.92,189.8631,7.02,4.7481,17350,-3922.75,14530,-5421.76470588235
6.41,4.194,1.3,-10.5985,253.4,166.5115,6.44,4.1518,14530,-5227,11565,-4721.47058823529
5.96,4.5326,4.21,-9.73,235.66,178.0538,6.01,4.49,11565,-5499.1,4135,-5531.76470588235
4.99,3.9106,-2.86,-11.0218,207.32,154.953,5.28,3.9506,4135,-6852.55,-3515,-4752.64705882353
5.35,3.8172,-0.65,-9.5658,213.06,154.9699,5.44,3.9503,16480,-7184.55,16480,-3703.52941176471
6.83,4.0768,2.91,-9.8486,264.31,173.5248,6.75,4.4295,16480,-3877.25,4095,-6033.38235294118
5.88,4.1107,3.31,-7.0588,237.3,159.4127,6.06,4.0057,4095,-7665.15,-3400,-4531.76470588235
6.05,4.5456,1.16,-9.326,240.9,183.4311,6.15,4.6411,15040,-4964.7,15040,-4383.38235294118
6.74,4.1468,-0.21,-11.3907,260.73,170.4422,6.68,4.3562,15105,-4209.35,15105,-4544.26470588235
7,4.4425,-2.15,-11.3933,272.83,177.1739,6.97,4.52820000000001,15105,-3711.2,8950,-4041.76470588235
4.38,3.1965,1.09,-3.7381,195.25,136.5688,5.03,3.5332,3015,-4219.6,3015,-2611.76470588235
4.61,3.1666,-2.14,-13.3873,219.96,154.3271,5.61,3.934,11600,-5396,11600,-7169.41176470588
5.16,3.2424,-2.07,-13.8693,234.02,158.6254,5.96,3.9782,13085,-4416.75,13085,-6849.11764705882
5.52,3.7964,1.65,-11.949,254.85,186.7604,6.49,4.7122,17840,-3678.6,17840,-6427.5
7.1,4.1143,0.02,-14.6779,301.75,190.1107,7.69,4.8488,17840,-4194.35,13750,-7502.94117647059
6.78,4.5154,1.78,-11.8632,278.11,189.2978,7.06,4.8185,13750,-4247.6,9575,-6121.17647058824
6.08,4.7431,4.84,-9.4027,249.08,194.2741,6.31,4.9429,12660,-4573.4,12660,-7331.17647058824
6.72,4.3493,2.15,-10.0204,265.82,168.6808,6.79,4.3016,12660,-5366.75,-1875,-6066.02941176471
5.09,4.0144,1.57,-8.02680000000001,201.21,160.7715,5.11,4.0887,14080,-5147.15,14080,-3236.32352941176
6.09,4.165,6.02,-9.9233,281.57,202.997,7.14,5.1664,17110,-4560.05,17110,-7184.26470588235
7.11,3.8039,-0.07,-12.481,297.09,186.4984,7.55,4.7527,17110,-2528.45,15120,-6901.47058823529
6.15,4.2619,-0.09,-11.21,251.09,181.8842,6.39,4.6257,23125,-4456.65,23125,-3803.23529411765
7.66,4.1355,-11.42,-18.0762,306.81,200.4061,7.8,5.1058,23125,-2079,19225,-1559.85294117647
6.16,4.0309,-6.98,-16.8632,240.06,171.2683,6.12,4.3702,19225,-4217.3,17115,-4120.73529411765
6.75,4.3503,-4.17,-14.8487,264.31,179.8493,6.77,4.599,17115,-4047.6,16290,-4849.85294117647
6.25,3.8287,-2.55,-13.757,245.67,158.7693,6.29,4.054,16290,-5311.6,15350,-4865.58823529412
5.46,3.5584,-9.23,-16.6976,218.16,156.1764,5.54,3.9821,15350,-4340.15,12770,-2153.52941176471
5.76,4.0341,-4.28,-13.264,237.85,167.0045,6.03,4.2721,12770,-4956.75,395,-3477.94117647059
5.12,3.8723,-1.18,-9.8999,203.88,147.8886,5.25,3.7736,1340,-7736.05,1340,-3483.67647058824
5.05,3.6635,-2.08,-11.0935,199.29,146.5944,5.08,3.7473,7180,-6531,7180,-3691.17647058824
5.49,3.9923,-4.17,-13.1048,217.39,155.7915,5.55,3.9791,7190,-6821.45,7190,-3835.88235294118
5.51,3.921,-4.3,-10.8151,220.48,157.755,5.67,4.043,7190,-5741.65,5820,-2535
4.42,3.3148,-4.23,-11.1552,172.48,131.9936,4.42,3.3746,16135,-7013.3,16135,-1988.38235294118
6.33,4.2804,-1.1,-13.0244,249.08,167.9349,6.4,4.2958,16135,-4972.1,11525,-5391.32352941176
5.5,3.6634,-0.34,-10.813,210.55,145.1633,5.38,3.6379,11525,-7164.45,11175,-4697.64705882353
5.55,3.5403,-4.7,-12.9254,215.34,143.2271,5.53,3.5934,11175,-5982.4,3050,-2915.88235294118
5.99,4.0312,-1.71,-12.2284,233.21,158.9677,5.96,4.0627,3050,-6735.3,-3675,-5203.08823529412
5.04,3.4966,-7.04,-13.1584,202.91,147.6426,5.2,3.6968,13880,-5113.05,13880,-1476.02941176471
4.92,3.2692,-2.36,-11.7825,206.09,149.2408,5.25,3.6734,13880,-5475.2,10275,-3313.52941176471
5.08,3.5563,-6.5,-13.4094,208.56,147.17,5.32,3.6881,10275,-5479.4,-1995,-3841.91176470588
3.34,2.4505,1.09,-5.0955,125.02,105.8045,3.18,2.6965,-4330,-8989.5,-4330,-6904.11764705882
4.09,3.0691,-2.23,-9.60940000000001,170.33,135.2368,4.34,3.4446,7825,-6839.75,7825,-3235.73529411765
5.89,4.1283,-0.59,-10.9265,233.75,166.135,5.96,4.1928,7825,-5563.65,7230,-4276.02941176471
5.03,3.6956,-1.98,-10.852,203.88,147.6726,5.19,3.6328,7230,-5809.8,550,-3721.91176470588
4.9,3.5746,3.55,-7.86570000000001,190.57,141.0127,4.86,3.5456,10620,-6559.5,10620,-4711.91176470588
5.02,3.5014,-0.57,-11.7906,190.11,137.6377,4.84,3.5048,10620,-6364.5,-1175,-5278.08823529412
4.76,3.3989,-2.88,-11.7395,190.8,139.7319,4.86,3.5587,12655,-6429.3,12655,-2720.73529411765
3.75,0.4467,3.17,-9.7596,315.74,188.4006,0,0,23045,-5836.7,18270,-5574.55882352941
3.43,0.2947,2.83,-9.1236,275.3,177.5821,0,0,25275,-5066.5,25275,-3576.91176470588
3.24,0.1584,4.45,-8.3724,339.77,222.185,0,0,25275,-4626.4,20820,-4392.20588235294
3.07,0.279,3.34,-8.8578,293.14,187.4966,0,0,20820,-4951.25,19190,-5152.20588235294
3.37,0.2636,3.13,-10.4829,285.7,188.1921,0,0,19190,-4732.85,18750,-6137.5
3.83,0.6658,-0.57,-12.1771,282.84,180.756,0,0,18750,-5731.7,10275,-4440.44117647059
3.78,0.5593,1.66,-8.47130000000001,280.94,181.6574,0,0,15030,-5523.5,15030,-3669.85294117647
3.79,0.4335,3.51,-7.1539,259.25,187.3091,0,0,23050,-5524.05,23050,-3604.26470588235
3.58,0.5516,0.28,-11.8816,284.11,188.0569,0,0,23050,-5947.75,6880,-4934.85294117647
4.03,0.6949,0.88,-8.5163,287.31,179.5827,0,0,11625,-6183.75,11625,-3291.76470588235
4.09,0.6685,1.58,-7.4248,244.54,161.2838,0,0,16020,-6035.4,16020,-2121.91176470588
3.61,0.5007,4.89,-8.4942,276.55,183.8063,0,0,16020,-5946.45,13210,-6027.5
4.12,0.6723,3.52,-6.5865,283.47,176.5621,0,0,13210,-5869.45,9225,-3480.14705882353
3.14,0.4016,0.05,-9.3444,245.95,168.7383,0,0,12225,-5540.1,12225,-2762.35294117647
3.53,0.395400000000001,-0.1,-9.16390000000001,293.14,184.2225,0,0,21135,-4892.85,21135,-2801.47058823529
2.28,0.0135,0.73,-10.8024,292.82,191.8809,0,0,21135,-4124.35,17290,-3772.20588235294
3.12,0.2556,1.67,-9.7255,325.25,212.2344,0,0,19925,-4026.2,19925,-4026.61764705882
4.6,0.6472,2.18,-9.4304,316.44,192.8051,0,0,26050,-5914.95,26050,-4819.41176470588
3.71,0.2839,4.79,-8.9703,321.35,197.1289,0,0,26050,-5209.9,15670,-5055.58823529412
3.51,0.4378,-0.08,-9.7186,286.02,189.9737,0,0,15670,-5162.4,13945,-2913.67647058824
2.98,0.3308,1.65,-9.7598,296.43,178.7643,0,0,16255,-5542.25,16255,-4299.11764705882
2.86,0.4356,-0.37,-11.8223,256.6,178.861,0,0,16255,-5939.65,14640,-4327.79411764706
4.4,0.7711,2.02,-9.0868,279.05,175.9022,0,0,14640,-6468.85,9930,-4074.55882352941
3.6,0.5988,3.23,-7.899,237.03,151.7817,0,0,14200,-6356.75,14200,-4620.14705882353
4.5,1.0323,-0.34,-10.2143,276.24,184.4781,0,0,14200,-7621.85,5545,-3541.17647058824
4.55,0.987399999999999,-0,-7.6557,214.84,150.7568,0,0,10895,-6839.35,10895,-2637.64705882353
3.76,0.6063,3.45,-7.45319999999999,248.22,173.0108,0,0,10895,-5990.45,10305,-4267.94117647059
3.22,0.4225,0.71,-9.578,242.01,168.546,0,0,17060,-6370.45,17060,-3304.26470588235
3.22,0.361,6.63,-8.1254,268.85,170.8422,0,0,18900,-6373.6,18900,-6302.64705882353
3.23,0.3149,5.31,-6.7722,262.52,180.4675,0,0,18900,-5797.5,17665,-3637.79411764706
2.72,0.2592,4.73,-8.5306,263.71,178.0437,0,0,18950,-6010.55,18950,-4760.58823529412
3.54,0.6134,1.66,-9.8906,258.07,175.2954,0,0,18950,-6532.95,14690,-4169.85294117647
4.61,0.917600000000001,1.27,-9.1739,234.29,155.0001,0,0,14690,-6713.05,-3480,-5386.17647058824
4.72,0.8582,4.35,-6.2655,193.6,138.7274,0,0,4295,-8462.4,4295,-3499.41176470588
3.59,0.6151,0.23,-10.923,239.51,158.445,0,0,13515,-7569.3,13515,-3876.61764705882
3.15,0.4827,1.38,-9.5403,270.68,171.8998,0,0,13515,-5882.75,6355,-4012.94117647059
2.96,0.4225,0.45,-8.6193,245.1,166.9835,0,0,14100,-6541.75,14100,-1796.17647058824
4.28,0.7595,0.4,-10.017,241.18,170.89,0,0,14100,-7081.7,13560,-2815.73529411765
3.08,0.424,1.73,-10.135,246.23,165.4162,0,0,15160,-6408.55,15160,-3940.29411764706
3.55,0.4378,1,-8.9798,284.43,181.2886,0,0,23825,-5405.2,23825,-2085.88235294118
3.51,0.2762,-4.86,-14.6667,308.17,195.1864,0,0,23825,-3852.7,21365,-3418.08823529412
2.31,0.0729,-5.18,-14.7967,257.19,181.2441,0,0,23980,-5373.35,23980,-3196.61764705882
2.9,0.00939999999999985,-1.64,-11.4893,311.59,199.3122,0,0,24105,-4288.25,24105,-2228.23529411765
2.59,0.0676000000000001,-2.39,-11.4226,275.92,194.2604,0,0,24105,-5012.8,20290,-1582.94117647059
3.63,0.4241,-0.75,-11.2307,282.84,192.5572,0,0,22680,-6193.65,22680,-1992.35294117647
4.27,0.764500000000001,-3.22,-12.6435,264.01,183.1946,0,0,22680,-6251.2,22420,-737.352941176471
5.27,1.3994,-6.44,-15.3,217.64,162.6125,0,0,22420,-7827.25,8005,-3228.67647058824
3.53,0.4728,1.22,-9.2539,296.1,188.026,0,0,8005,-5298.8,2655,-4568.08823529412
3.93,0.772699999999999,-0.87,-9.8341,200.97,143.3671,0,0,11170,-8245.2,11170,-2440
2.72,0.4098,-2.05,-11.256,253.4,167.442,0,0,11170,-6267.9,7380,-2875.29411764706
3.64,0.7189,-2.12,-10.5137,221.78,155.6664,0,0,9455,-7361.3,9455,-2181.76470588235
0.73,0.1767,4.34,-0.493799999999998,145.43,109.6663,0,0,14570,-3335.2,14570,705.441176470588
4.33,0.874000000000001,-3.97,-12.1072,219.96,160.5648,0,0,24880,-6440,24880,-1035.58823529412
3.72,0.0955999999999998,-6.45,-12.9792,333.54,212.1044,0,0,24880,-2632.05,20365,844.117647058824
4.06,0.627400000000002,-6.43,-14.349,265.82,179.6712,0,0,20365,-4375.65,18855,-1314.70588235294
3.59,0.5618,-6.04,-15.4882,228.63,163.9619,0,0,18855,-6345.15,11715,-3551.76470588235
2.79,0.3024,1.46,-10.0893,244.54,158.455,0,0,15185,-5764.25,15185,-3859.26470588235
3.1,0.4338,1.84,-9.5312,252.53,161.0716,0,0,15185,-5854.3,11565,-4225.44117647059
3.66,0.5998,1.07,-10.0793,235.38,159.7684,0,0,13395,-6988.5,13395,-3991.61764705882
3.57,0.515,1.41,-9.5804,266.72,169.3441,0,0,19345,-5966.3,19345,-3334.41176470588
3.77,0.6251,1.91,-10.3256,211.55,141.1904,0,0,19345,-6288.05,10235,-5014.41176470588
3.59,0.4703,5.78,-5.16760000000001,227.3,165.5816,0,0,14670,-6497.55,14670,-3140.14705882353
2.93,0.3596,2.03,-10.615,227.57,159.1341,0,0,14670,-6081.6,13590,-4299.85294117647
3.77,0.5528,3.23,-7.8722,227.83,161.1472,0,0,13590,-6090.55,8470,-4253.67647058824
3.01,0.5702,1.33,-7.8064,213.32,149.5172,0,0,8470,-6782.9,-845,-4280
2.91,0.3921,2.27,-7.1481,190.57,137.3399,0,0,11450,-7496.85,11450,-3406.02941176471
3.8,0.6595,2.57,-8.52469999999999,237.3,157.476,0,0,11900,-6184.7,11900,-3942.94117647059
3.51,0.532,0.91,-7.15279999999999,231.05,152.7542,0,0,11900,-5044.3,9060,-2594.41176470588
3.75,0.619,3.75,-6.13289999999999,218.41,149.2409,0,0,9060,-6500.4,3515,-3479.26470588235
3.31,0.4575,0.85,-8.4326,220.74,151.8361,0,0,12585,-6063.35,12585,-2790.73529411765
3.62,0.5346,3.23,-8.4196,220.48,150.7695,0,0,12585,-6922.95,11255,-4514.85294117647
3.32,0.403899999999999,2.81,-8.14340000000001,238.13,156.9859,0,0,18750,-6527.3,18750,-3476.17647058824
2.3,0.0402999999999999,-2.85,-13.558,231.05,164.6859,0,0,22540,-4597.15,22540,-4433.38235294118
2.47,-0.0702000000000001,1.87,-11.5571,271.29,198.0331,0,0,22540,-3572.55,17110,-4781.02941176471
4.59,0.4662,-0.76,-12.0883,226.77,174.3765,0,0,17110,-4225.2,12735,-3985.73529411765
2.59,0.2052,1.15,-12.7994,251.66,178.7004,0,0,16565,-5797.8,16565,-7416.91176470588
2.94,0.2453,2.41,-9.2856,269.46,182.7621,0,0,18465,-4974.45,18465,-3521.76470588235
3.06,0.2229,4.5,-8.9832,248.79,174.5631,0,0,18465,-5394.3,16525,-5287.35294117647
2.81,0.2337,5.54,-6.9386,281.25,185.8618,0,0,16525,-5541.35,13015,-4314.11764705882
3.25,0.3073,7.22,-6.0454,254.27,171.172,0,0,18670,-6050.35,18670,-4505.73529411765
2.68,0.1734,2.54,-10.8579,258.66,180.3152,0,0,18670,-4913.15,11595,-5245.44117647059
3.48,0.4743,4.86,-6.1052,237.85,167.4805,0,0,11595,-5789.6,10000,-3517.79411764706
2.65,0.3416,0.08,-9.0734,227.04,163.3851,0,0,13555,-5305.05,13555,-3387.94117647059
2.76,0.2144,2.55,-7.9088,268.24,193.7554,0,0,13555,-4544.35,11960,-3213.67647058824
2.99,0.4403,3.53,-8.6677,247.08,166.8906,0,0,11960,-6872.9,705,-4277.5
2.99,0.4183,4.82,-4.9935,225.98,156.4693,0,0,8670,-7282.85,8670,-3463.23529411765
2.89,0.3634,3.02,-8.40009999999999,249.94,165.314,0,0,11015,-6016.65,11015,-4461.02941176471
3.14,0.5185,2.52,-8.3742,246.8,162.9209,0,0,11015,-6711.85,6330,-4295.44117647059
3.07,0.3879,0.3,-11.4518,200.25,149.3834,0,0,11835,-6975.8,11835,-4950.14705882353
2.85,0.436299999999999,3.38,-8.4954,224.66,153.5205,0,0,11835,-6708.3,7025,-4770.73529411765
2.88,0.4292,2.36,-8.1233,229.17,159.2807,0,0,13295,-7066.55,13295,-3660.58823529412
3.42,0.4735,0.77,-9.8127,249.65,168.5043,0,0,13295,-5766.3,9250,-3488.97058823529
3.25,0.455099999999999,3.87,-6.9893,223.87,153.377,0,0,9255,-6756.5,9255,-3552.94117647059
3.05,0.354,2.2,-9.1925,220.22,152.5049,0,0,12500,-6432.75,12500,-3722.05882352941
2.85,0.3021,1.13,-10.1619,244.26,170.7228,0,0,14800,-5345.75,14800,-3887.35294117647
3.22,0.3915,3.18,-8.7394,254.27,169.2246,0,0,14800,-5934.7,3170,-5023.52941176471
2.79,0.4713,2.4,-6.58140000000001,234.02,164.5729,0,0,11365,-7448.15,11365,-2205.73529411765
2.77,0.3137,1.87,-8.3576,246.8,172.2012,0,0,11365,-5638.4,5155,-3629.85294117647
3.32,0.5322,1.19,-8.2584,214.33,151.812,0,0,12700,-6953.9,12700,-3517.05882352941
2.64,0.2792,3.24,-8.10239999999999,251.95,176.777,0,0,17185,-5449.7,17185,-4148.23529411765
2.88,0.2657,-0.83,-11.6832,237.85,165.6316,0,0,17185,-5160.75,13785,-3713.82352941176
5.77,0.2182,-8.08,-15.8812,10.29,0.2058,0,0,285,-2355.6,-1690,-4074.41176470588
5.77,-0.0105000000000001,-3.41,-19.5712,10.29,0.2925,0,0,20885,-349.35,20885,1724.70588235294
0.44,-0.1687,-3.2,-9.993,0,0,0,0,6995,1076.65,4180,-1738.67647058824
0.42,-0.2881,-11.75,-17.6325,0,0,0,0,15785,1103.2,15785,-1215.29411764706
0.7,-0.4055,-12.72,-18.8777,0,0,0,0,26220,2591,26220,4878.82352941176
2.78,-0.2456,-12.58,-19.1804,0,0,0,0,20570,2172.2,20570,3786.32352941176
2.78,-0.2613,-10.84,-18.8553,0,0,0,0,25130,1060.65,25130,5022.79411764706
0.4,-0.4044,-10.84,-27.566,0,0,0,0,13900,4018.25,13900,3480.58823529412
16.01,0.2929,-14.99,-21.0417,0.97,0.0194,0,0,10705,-1549.85,150,-3952.64705882353
16.01,0.789600000000001,-12.63,-23.8023,3.25,0.1486,0,0,20585,847.55,20585,3849.41176470588
0.42,-0.2263,-14.03,-25.068,0,0,0,0,21710,3442.55,21710,5705.44117647059
0.35,-0.4463,-7.47,-24.6671,0,0,0,0,28475,3107.55,28475,7376.32352941176
17,-0.2649,-7.44,-16.667,0,0,0,0,24060,3275.7,24060,6242.20588235294
19.53,2.1893,-3.87,-20.2703,36.56,0.3656,0,0,12730,-4837.05,-4620,-8917.05882352941
14.48,0.989400000000001,-7.93,-10.6132,36.56,2.4006,0,0,4580,-1483.9,4580,771.911764705882
8.33,0.1015,-12.59,-14.5575,0,0,0,0,8790,-886.75,540,-1252.35294117647
8.33,0.3184,-6.58,-17.3584,0,0,0,0,16095,-1360.1,16095,1214.41176470588
7.46,-0.1377,-11.21,-20.2767,0,0,0,0,21900,520.15,21900,-2194.85294117647
8.48,0.1936,-19.77,-28.5958,12.06,0.1206,0,0,17655,-844.9,17655,-2369.55882352941
8.48,0.4468,-14.05,-23.9005,12.06,0.4034,0,0,6410,-3073.35,-860,-4917.5
4.92,-0.4159,-16.03,-24.9322,4.46,0.058,0,0,23680,2542.85,23680,5741.17647058824
0.95,-0.3921,-6.06,-18.6798,0,0,0,0,23910,777.5,23910,863.088235294118
0.56,-0.3439,-12.73,-15.2166,0,0,0,0,25900,2964.5,25900,7911.91176470588
0.71,-0.2582,2.29,-19.6779,0,0,0,0,23830,1681.8,23830,5309.85294117647
0.74,-0.2538,2.29,-19.0779,0,0,0,0,24190,6026,24190,8284.26470588235
4.81,0.1235,-9.25,-14.9913,0,0,0,0,6015,-1239.65,265,-2713.38235294118
17.1,0.4133,-5.96,-18.4669,0.36,0.0072,0,0,12270,-3272.45,12270,-6484.55882352941
20.11,2.1186,-5.31,-20.1912,58.82,6.4933,0,0,15150,-2393.3,15150,-3091.32352941176
4.79,-0.2006,-2.41,-12.3075,0,0,0,0,23125,1089.35,23125,-246.470588235294
4.79,-0.1288,-6.34,-16.0538,0,0,0,0,9495,1252.6,9495,2156.61764705882
2.7,-0.1724,-12.23,-19.7278,0,0,0,0,25080,1098.65,25080,2383.82352941176
2.7,-0.3242,7.48,-7.6693,0,0,0,0,27180,89.1,27180,7076.47058823529
2.17,-0.6064,-4.1,-20.8569,0,0,0,0,25980,4705.45,25980,7266.61764705882
11.24,-0.1124,-9.11,-16.5957,0,0,0,0,24025,307,24025,27.6470588235294
11.24,0.637499999999999,0.66,-14.2512,0,0,0,0,24380,699.5,24380,1326.02941176471
0.36,-0.2396,-12.67,-20.9862,0,0,0,0,8240,2139.15,5310,2224.85294117647
0.97,-0.0771,-13.41,-22.0245,0,0,0,0,4880,-55.1,4420,-3023.23529411765
0.97,-0.2401,-11.06,-21.4923,0,0,0,0,21165,2033.25,21165,4606.02941176471
11.96,0.0963,-6.45,-10.5899,1.73,0.0346,0,0,7470,154.9,7470,1405.88235294118
11.96,0.973499999999999,-12.25,-22.8475,9.69,0.2257,0,0,21450,-767.8,21450,2278.38235294118
6.24,0.2034,-1.46,-18.1619,9.69,0.279,0,0,7895,-3349.75,7620,-8948.67647058824
8.71,-0.0452999999999999,-3.76,-9.6056,0,0,0,0,20085,407.3,20085,1982.79411764706
8.71,0.317,-10.63,-17.7637,0,0,0,0,5975,-2262.3,-2150,-4670
4.03,0.0804999999999999,-8.68,-19.2986,0,0,0,0,7540,-1379.05,-2305,-7569.85294117647
4.03,-0.1075,-8.79,-12.3902,0,0,0,0,9600,703.8,9600,5715.14705882353
17.75,3.3915,-8.55,-20.582,24,3.7302,0,0,11560,-3039.8,11560,-768.823529411765
17.75,2.042,-8.66,-16.3957,16.17,1.8251,0,0,22535,-2620.45,22535,-327.647058823529
20.03,2.2705,-5.99,-14.1717,28.73,2.6767,0,0,23395,-1982.55,7775,2778.67647058824
23.81,2.5455,-5.03,-13.0555,30.02,3.0492,0,0,19960,-2464.4,19960,1061.76470588235
23.81,1.9913,-12.11,-22.0036,31.01,3.2109,0,0,16165,-2427.2,16165,-3877.79411764706
0.42,-0.0761,-19.03,-27.1908,0,0,0,0,12340,-296.45,12195,-4399.70588235294
0.8,0.0204,-14.45,-25.3402,0,0,0,0,16485,-245.6,7620,-3331.76470588235
0.66,-0.0546,-13.95,-20.944,0,0,0,0,16835,163.95,2080,-3385.73529411765
3.28,0.0328,-12.8,-16.1898,0,0,0,0,9650,-302.65,2690,-1314.55882352941
3.28,-0.2463,-9.98,-22.2271,0,0,0,0,24025,816.65,24025,332.205882352941
0.53,-0.3145,-9.98,-20.6276,0,0,0,0,21835,2534.7,21835,1152.5
8.16,0.1623,-6.98,-19.7871,32.72,0.6544,0,0,12855,-547.5,1820,-7976.17647058824
12.73,0.5637,-7.03,-20.3539,32.72,1.9058,0,0,10805,-1864.8,-895,-7851.76470588235
12.73,0.4979,-12.25,-26.3823,10.43,0.5317,0,0,13270,-1013.1,8745,-3233.38235294118
0.59,-0.2091,-3.31,-14.4991,99.61,1.9922,0,0,18745,-352.6,18745,-1029.41176470588
0.61,-0.0878000000000001,-8.55,-25.5793,99.61,7.1767,0,0,16325,2531.35,700,-2172.5
1.43,0.00200000000000004,-6.94,-19.7432,58.82,3.4207,0,0,16960,58.45,10550,-3685.29411764706
0.75,-0.0872,8.04,-7.34200000000001,23.71,1.4662,0,0,15770,-601.9,15770,3146.17647058824
0.72,-0.0434000000000001,-15.07,-20.1667,23.71,2.3987,0,0,6995,1472.15,6640,-673.970588235294
0.38,-0.0224,-10.32,-17.4544,12.21,0.3663,0,0,8610,-2696.6,8610,-3346.91176470588
2.05,0.0285,-4.09,-13.1807,82.47,2.5662,1.44,0.0288,16995,-2415.55,16995,-2243.82352941176
2.05,-0.0461,-13.39,-18.6237,82.47,18.926,1.44,0.069,8905,1208.15,8905,6685
0.44,-0.1244,-12.91,-19.1688,13.09,0.2618,0,0,18040,-1495.4,18040,-178.823529411765
0.27,-0.211,5.21,0.6235,201.7,53.6081,0,0,22185,501.25,22185,11783.8235294118
1.87,-0.3121,4.92,-3.7908,50.01,9.1557,0,0,21715,6718.9,21715,13506.9117647059
0.53,-0.6656,4.92,-3.0248,67.59,3.6984,0,0,25000,10084.8,25000,20040.2941176471
1.93,-0.1602,5.12,-2.1505,233.21,18.7619,0,0,24190,4833.35,24190,11715.7352941176
1.62,-0.0719,5.76,-1.9011,233.21,48.7508,0,0,22735,646.7,22735,9319.26470588235
0.97,-0.2128,7.91,1.6236,24.14,5.1032,0,0,15945,1590.6,1290,-316.617647058824
1.4,-0.4172,7.91,-1.8243,97.87,9.0382,0,0,23745,12997.6,23745,14029.1176470588
0.77,-0.4365,4.75,-1.6954,161.94,20.5613,0,0,25900,5802.9,25900,17182.3529411765
1.2,-0.2816,4.53,-2.1154,161.94,37.4378,0,0,24500,3822.2,24500,15181.1764705882
1.07,-0.2419,0.97,-6.4565,66.14,10.0736,0,0,22465,4180.2,22465,7814.41176470588
-0.16,-0.2995,5.04,-32.4722,13.97,0.4191,0,0,7105,2819.2,905,307.647058823529
0.89,-0.2276,5.04,-11.355,13.97,1.3281,0,0,11765,5567.9,9880,4125.29411764706
0.89,-0.266,-2.16,-10.3404,151.07,4.5321,0,0,7885,1171.1,7885,4545.58823529412
0.84,-0.3155,4.47,-2.0708,151.07,23.7806,0,0,25465,3953.35,25465,13122.3529411765
1.26,-0.5086,3.41,-5.7311,50.86,3.8154,0,0,25855,7913.15,25855,19696.7647058824
0.96,-0.4403,3.44,-4.8752,50.86,7.6614,0,0,26015,7246.65,26015,19328.3823529412
0.9,-0.2613,4.16,-4.2924,115.35,7.8845,0,0,23280,5256.45,23280,8017.05882352941
0.89,-0.2198,1.23,-4.2802,115.35,23.0602,0,0,21415,1862.4,21415,10652.3529411765
1.16,-0.1812,4.3,-2.7953,127.49,16.0151,0,0,24415,4023.3,24415,14152.7941176471
0.84,-0.4464,5.41,-5.7468,127.49,21.4136,0,0,27115,6205.3,27115,17701.9117647059
0.02,-0.6454,5.91,0.0499999999999993,60.39,10.6719,0,0,27965,7058.55,27965,18617.7941176471
0.75,-0.6267,7.31,-10.6727,49.44,1.4832,0,0,30665,10869.85,30665,21543.0882352941
0.72,-0.6032,7.56,-1.8423,49.44,9.4478,0,0,26255,9227.1,26255,21005.7352941176
1.4,-0.2919,3.61,-4.586,43.35,6.688,0,0,26140,6281.15,26140,17556.4705882353
1.05,-0.4742,5.91,-4.2355,29.59,4.1744,0,0,26255,7263.6,26255,19968.0882352941
0.66,-0.602,5.91,-2.1743,30.59,2.7808,0,0,26285,10025.4,26285,22111.0294117647
1.43,-0.3663,2.8,-5.7843,76.96,6.344,0,0,25675,7537.5,25675,17736.7647058824
0.64,-0.3484,2.06,-2.5469,76.96,14.1151,0,0,26995,4623.45,26995,16648.8235294118
1.28,-0.3727,1.66,-6.6313,65.13,2.2236,0,0,26125,9051.85,26125,19629.8529411765
1.29,-0.3401,3.08,-4.3676,65.13,10.5261,0,0,25560,6486.85,25560,18279.5588235294
1.33,-0.4952,7.99,-6.1078,32.3,1.9594,0,0,27355,8995.55,27355,20706.1764705882
-0.1,-0.7019,8.02,-1.3548,32.3,4.6457,0,0,28450,10463.65,28450,22632.6470588235
1.21,-0.5284,4.93,-5.1997,15.15,0.606,0,0,27700,10757.35,27700,21490.7352941176
0.57,-0.5703,4.15,-4.0628,18.5,2.0379,0,0,27265,8759.85,27265,21590.8823529412
0.86,-0.6133,5.13,-4.7784,18.5,2.2592,0,0,26015,9199.5,26015,21160.2941176471
1.09,-0.4926,5.13,-3.0632,25.58,1.4457,0,0,25790,8662.7,25790,20195.2941176471
0.97,-0.466,8.84,-1.9743,25.58,3.7642,0,0,27230,9349.75,27230,21882.7941176471
0.93,-0.5537,8.91,-2.0571,62.26,2.3027,0,0,27810,9696.4,27810,20991.0294117647
0.37,-0.6343,5.89,-0.718599999999998,62.26,10.8227,0,0,26440,7884.5,26440,21150
0.92,-0.6032,5.83,-2.9588,21.4,2.4558,0,0,26995,10070.5,26995,22392.0588235294
1.29,-0.4152,3.95,-4.1504,60.54,1.9544,0,0,24525,8450.65,24525,18014.7058823529
0.83,-0.4466,0.66,-6.2141,99.93,12.5254,0,0,25235,7049.75,25235,19029.4117647059
0.58,-0.4066,1.34,-4.5111,118.24,21.267,0,0,28320,6237.25,28320,19448.9705882353
0.31,-0.3967,3.82,-2.2262,118.24,24.3919,0,0,26875,5744.6,26875,19381.9117647059
0.14,0.0175,0.93,-26.6482,273.75,8.2125,0,0,1875,-376.6,545,-642.5
0.05,-0.2114,7.59,-7.0934,273.75,41.4857,0,0,10355,3655.8,8900,3988.67647058824
0.64,-0.549,7.68,-3.6418,16.61,1.5622,0,0,25115,9227.65,25115,18433.6764705882
2.61,0.4221,-3.28,-11.9186,208.56,150.885,0,0,8755,-6154.5,6715,-3016.32352941176
4.49,1.0481,-1.71,-11.5142,215.09,150.5089,0,0,7510,-8359.1,7510,-3672.5
3.29,0.6374,-2.24,-11.0411,209.8,144.4227,0,0,7510,-6932.05,-505,-3734.11764705882
3.29,0.4764,-4.91,-11.491,194.78,141.6607,0,0,14015,-6731.5,14015,-1108.97058823529
2.66,0.418200000000001,-0.38,-10.287,229.7,157.7023,0,0,14015,-5946.85,7535,-3866.91176470588
3.94,1.0438,-2.77,-12.0385,171.62,127.1551,0,0,7535,-8581.65,-3675,-4950.14705882353
3.94,0.758599999999999,-1.88,-12.1191,161.94,125.5051,0,0,9800,-9115.2,9800,-4764.41176470588
2.96,0.3233,1.75,-10.1758,248.51,162.5605,0,0,14720,-5600.4,14720,-4836.02941176471
3.46,0.389,-2.47,-13.34,217.9,152.5147,0,0,14720,-5152.25,2000,-5135.73529411765
3.9,0.6224,-5.44,-12.2652,190.8,140.6664,0,0,20855,-6745.6,20855,-771.176470588235
2.26,-0.2469,-7.03,-15.9946,268.24,178.4753,0,0,20855,-2558.75,19880,-2544.70588235294
2.7,0.0394,0.67,-12.0236,286.35,188.849,0,0,19880,-3589.25,14805,-4816.32352941176
3.91,0.9014,-2.87,-14.4461,218.93,157.2706,0,0,14805,-8545,-595,-5261.17647058824
2.99,0.9425,-16.36,-21.7314,151.07,124.8855,0,0,15555,-10396.1,15555,-2786.02941176471
2.9,0.3618,-10.34,-15.364,276.55,190.2299,0,0,15555,-2850.1,9465,-85
3.65,0.8244,-3.73,-13.1364,225.19,157.5772,0,0,13755,-8173.2,13755,-2699.26470588235
3.35,0.697600000000001,-8.83,-18.6622,164.43,133.2282,0,0,15035,-8024.65,15035,-4445.88235294118
3.2,0.3497,0.57,-11.8841,229.7,154.9228,0,0,16825,-6208.6,16825,-4276.02941176471
2.8,0.4038,-5.86,-16.1122,218.93,154.9533,0,0,16825,-6227.45,9610,-4719.11764705882
3.48,0.7179,0.11,-11.3205,230.78,154.182,0,0,15410,-7822.75,15410,-4920.88235294118
3.63,0.484,-2.31,-12.5947,221,153.5787,0,0,18670,-5843.15,18670,-3148.97058823529
2.4,0.1743,-2.92,-15.5957,238.68,177.1875,0,0,18670,-4973.2,13320,-5284.11764705882
3.42,0.716500000000001,-1.23,-12.1435,217.64,158.6606,0,0,13320,-8608.3,2880,-4289.85294117647
3.57,0.747699999999999,0.01,-10.0748,219.19,152.6429,0,0,3005,-8787.3,3005,-4107.20588235294
4.01,0.8409,1.09,-9.7917,204.13,147.7073,0,0,13865,-9191.55,13865,-3642.64705882353
3.76,0.6588,-4.73,-15.3293,215.34,148.2918,0,0,13865,-6399.05,5890,-5159.85294117647
3.69,0.7728,-1.8,-12.0686,190.11,138.6603,0,0,8470,-8528,8470,-4243.23529411765
3.56,0.822500000000001,-3.3,-12.9232,166.1,127.1057,0,0,8470,-8370,-740,-5321.17647058824
3.9,0.9006,2.96,-7.491,204.86,149.2388,0,0,7280,-9624.3,7280,-4528.82352941176
3.67,0.5666,1.9,-6.9347,197.14,145.7777,0,0,18675,-7003.4,18675,-1884.70588235294
2.99,0.3202,0.69,-10.0636,249.65,168.9032,0,0,18675,-5241.55,1995,-3237.20588235294
3.64,0.7717,0.4,-10.801,193.6,140.135,0,0,3465,-8735.1,3465,-5239.41176470588
3.25,0.5725,3.44,-8.20189999999999,219.7,146.3409,0,0,3465,-7900.6,-4730,-6133.67647058824
3.44,0.5947,1.73,-7.23480000000001,183.04,134.0224,0,0,2175,-8807.85,2175,-3551.76470588235
4.31,1.2252,-2.2,-11.274,178.36,134.752,0,0,2175,-9022,-500,-4271.47058823529
3.53,0.7789,-0.46,-10.2168,175.51,128.6087,0,0,-500,-9202.9,-3835,-4617.79411764706
3.81,0.7388,0.39,-9.017,162.36,124.3946,0,0,-2065,-9568.5,-2065,-4331.02941176471
3.81,0.744,1.5,-9.289,177.26,132.6345,0,0,130,-9639.35,130,-5570.88235294118
3.55,0.706400000000001,-0.18,-9.88419999999999,199.53,144.75,0,0,18750,-8312.85,18750,-2839.55882352941
4.92,1.082,-1.02,-12.5812,198.33,144.8216,0,0,22615,-8331.2,22615,-3880
3.82,0.5302,-0.31,-12.2267,264.01,179.1184,0,0,22615,-7125.8,265,-5562.20588235294
3.82,0.5316,1.36,-9.25509999999999,219.19,156.5946,0,0,8275,-6597.2,8275,-4515.14705882353
3.75,0.860199999999998,0.16,-10.712,190.57,136.9173,0,0,8275,-8827.75,7740,-3878.82352941176
4.21,0.8791,-3.08,-12.5443,195.25,142.8552,0,0,7740,-8284.25,-1915,-4582.64705882353
4.39,1.2355,0.13,-8.98019999999999,187.12,136.7361,0,0,-1915,-10414.1,-2540,-5163.23529411765
4.35,0.883599999999999,1.53,-7.5272,173.99,132.6824,0,0,3085,-9577.2,3085,-4173.97058823529
3.83,0.8314,-0.68,-10.2498,183.04,132.3636,0,0,3085,-8591.2,-3270,-4228.52941176471
3.83,0.4748,0.97,-9.0022,178.36,131.697,0,0,18750,-7493.25,18750,-2879.55882352941
2.55,0.1559,-1.64,-12.8205,225.19,161.6274,0,0,18750,-5564.45,13595,-3744.26470588235
7.03,3.7445,3.12,-16.7904,342,218.3852,8.74,5.5006,25460,-2421.3,21130,-8232.94117647059
6.74,4.0788,5.05,-14.2172,330.63,221.5713,8.45,5.5825,28050,-2450.05,28050,-7490.44117647059
6.42,3.2268,5.47,-15.0187,256.6,191.931,6.54,4.7756,28050,-2782.5,25050,-7127.94117647059
6.01,3.3239,3.91,-15.5987,297.42,193.9672,7.61,4.8813,25050,-2898.8,22465,-7676.32352941176
6,3.1527,4.22,-14.6324,287.31,187.8406,7.28,4.7712,25620,-2918.45,25620,-7743.67647058824
8.92,3.7484,6.61,-14.6584,360.62,225.1695,9.23,5.7239,25620,-1937.9,24915,-8491.91176470588
6.71,3.0993,0.38,-16.1336,296.76,201.0364,7.53,5.1221,24915,-1568.1,21725,-6992.35294117647
6.92,4.0534,-1.68,-17.1773,314.35,225.6988,8.05,5.7642,21725,-1314.15,18115,-6697.35294117647
6.55,3.8286,0.05,-15.2776,293.47,204.5397,7.44,5.2251,22775,-1366.3,22775,-6455.73529411765
6.29,3.4473,2.16,-15.4561,262.82,196.3691,6.72,5.0151,24890,-1755.35,24890,-7842.20588235294
5.87,3.2527,1.44,-16.9558,245.38,195.2172,6.28,4.9843,24890,-1765.65,20695,-7725.58823529412
6.05,3.719,6.19,-14.652,276.86,202.3697,7.1,5.1249,22425,-2814.65,22425,-8378.52941176471
7.2,3.9514,4.41,-18.2533,296.43,218.9566,7.56,5.5542,24995,-1906,24995,-8467.5
7.05,3.4332,2.36,-16.8172,285.7,213.6976,7.34,5.4643,24995,-1748.15,24575,-8069.26470588235
6.25,3.5633,5.39,-16.5798,268.24,201.5886,6.84,5.1545,24575,-2118.25,20860,-9272.05882352941
6.06,3.7976,3.27,-18.0894,264.61,205.54,6.75,5.2515,26715,-2612.9,26715,-8599.26470588235
6.19,3.1527,7.42,-13.9195,253.4,195.7539,6.47,5.0079,28280,-2484.8,28280,-7587.94117647059
6.05,3.5795,4.06,-16.1416,273.45,215.5091,7,5.5149,28280,-1660.05,20675,-8596.76470588235
5.92,3.6455,6.81,-15.7262,267.33,199.2111,6.86,5.0926,21640,-3179,21640,-9384.55882352941
6.57,3.9573,10.19,-16.9618,299.08,209.1865,7.64,5.3401,21640,-3213.6,17220,-10458.5294117647
5.38,3.4592,4.49,-15.9808,245.67,178.0679,6.26,4.5426,21755,-3139.65,21755,-7831.76470588235
5.51,3.3414,4.91,-14.0794,249.94,181.0396,6.37,4.5665,23595,-3110.25,23595,-6782.05882352941
5.98,3.5459,6.03,-15.4095,259.25,202.2812,6.61,5.0603,24690,-2344.2,24690,-8418.52941176471
6.34,3.3201,2.17,-17.7993,267.94,195.9867,6.84,4.9455,24690,-2234.15,22390,-7987.20588235294
6.76,3.4442,-0.42,-18.7604,282.52,204.7308,7.22,5.2152,22390,-2166.35,21910,-7615.88235294118
6.49,3.7975,2.33,-17.8286,279.99,216.8413,7.12,5.5308,21910,-2044.7,20825,-9321.91176470588
5.98,3.8821,0.6,-19.9639,279.99,210.0338,7.13,5.3055,20825,-2756.85,20200,-8687.79411764706
5.99,3.2613,-0.3,-18.8405,249.08,179.7464,6.34,4.5327,20200,-1615.6,18210,-9388.38235294118
5.42,3.233,0.88,-16.7541,238.96,171.6062,6.08,4.3705,18210,-3237.2,17865,-8454.70588235294
5.47,3.5196,4.07,-15.6763,248.51,184.206,6.34,4.6924,17865,-3003,16410,-7882.5
5,3.4448,6.97,-13.7928,222.82,184.5388,5.69,4.6974,27930,-3544.5,27930,-6975.73529411765
6.83,3.3168,7.41,-15.2101,293.47,202.2138,7.45,5.1075,27930,-2623.05,22850,-8634.85294117647
5.52,3.547,10.06,-15.3996,254.56,192.6018,6.49,4.8599,23090,-3515.2,23090,-10391.3235294118
5.45,3.7411,4.77,-16.4698,246.23,205.7606,6.27,5.2368,23090,-2978.4,22430,-8143.82352941176
6.64,3.5098,2.54,-15.977,273.45,201.1662,6.99,5.1243,22430,-1993,18475,-7570.44117647059
6.52,4.5834,6.52,-12.2971,275.92,206.1671,7.05,5.2978,26370,-7614.15,26370,-8526.32352941176
6.84,3.6827,3.17,-16.0935,315.05,216.1545,8.02,5.5068,26370,-2096.35,23555,-7498.08823529412
6.2,3.8603,1.73,-18.2534,283.79,220.4544,7.24,5.6176,28915,-1885.6,28915,-8940.14705882353
6.42,3.1906,2.88,-16.5626,316.79,202.4318,8.1,5.1554,28915,-2570.8,24885,-8666.47058823529
6.22,3.8288,5.31,-14.105,292.49,219.6015,7.45,5.5978,25340,-2213.3,25340,-7791.61764705882
7.3,3.3643,4,-18.1896,342,205.4129,8.67,5.2343,25340,-2759.05,22650,-9261.91176470588
6.14,3.8854,2,-16.4818,286.02,212.5242,7.27,5.4079,27080,-1824.8,27080,-7616.02941176471
6.15,3.2202,4.84,-14.2127,283.79,190.8002,7.23,4.8039,27080,-2221.75,26050,-7552.64705882353
5.38,3.2933,1.8,-16.1117,258.07,191.9995,6.6,4.8395,26050,-2061.55,23700,-7275.14705882353
5.38,3.3633,4.49,-15.885,254.56,188.5176,6.48,4.8019,23700,-3273.05,18675,-7965.44117647059
5.94,3.8533,6.85,-13.1176,281.57,201.6811,7.17,5.1341,23010,-3087.95,23010,-8152.20588235294
5.74,3.5837,2.81,-16.2508,266.42,197.2426,6.74,5.0127,23010,-2576.8,18865,-7962.64705882353
5.78,3.5433,1.77,-16.2368,263.71,194.7303,6.69,4.9482,22965,-2418.3,22965,-7435.73529411765
6.05,3.4816,4.41,-14.0721,296.1,197.2815,7.5,5.019,22965,-3130.8,20625,-7460.29411764706
6.12,3.6715,5.12,-16.9414,279.99,201.3933,7.1,5.1179,25310,-3161.55,25310,-8574.55882352941
5.96,3.4859,8.49,-13.7768,272.21,200.316,6.88,5.0903,27845,-3141.9,27845,-8096.47058823529
5.85,3.2827,4.86,-15.1186,254.56,196.4768,6.47,4.9993,29610,-2688.6,29610,-6911.61764705882
6.01,3.2541,12.59,-13.5819,293.47,197.4456,7.47,5.0272,29610,-3780.7,27770,-10002.5
5.89,3.0598,5.8,-14.2503,255.43,192.7366,6.52,4.9199,27770,-2236.6,21670,-7429.70588235294
5.53,2.8884,-1.95,-17.501,242.57,166.4123,6.2,4.2019,26680,-2900.2,26680,-7413.97058823529
6.12,3.5366,8.5,-14.6904,270.99,203.445,6.91,5.1479,26680,-2546.35,21215,-8790.73529411765
5.75,4.0678,2.6,-14.9032,273.45,217.8929,6.99,5.5602,23720,-2342.2,23720,-6323.38235294118
7.03,3.5899,6.17,-14.2957,301.75,210.4993,7.75,5.341,23720,-2351.85,20585,-7583.97058823529
5.92,3.2858,10.01,-8.1203,274.99,173.0811,7.02,4.3303,25820,-3559.4,25820,-6841.17647058824
6.51,3.6898,17.44,-13.2664,297.09,198.576,7.61,5.0311,25820,-4955.4,20360,-11088.9705882353
6.7,3.9863,10.93,-14.2612,311.94,213.4934,7.99,5.4703,21485,-3664.1,21485,-9977.5
5.69,3.634,0.48,-18.4193,248.79,194.6155,6.4,4.9291,27620,-2531.85,27620,-7862.05882352941
5.77,3.356,4.93,-16.8302,263.12,193.5236,6.72,4.8982,27620,-2551.65,23130,-8602.35294117647
6.37,3.8978,10.06,-14.2912,281.89,216.1555,7.25,5.52450000000001,24625,-2533.05,24625,-8397.5
6.59,3.7225,4.07,-17.9443,285.38,210.2454,7.27,5.3705,24625,-1419.55,24220,-8773.23529411765
6.66,3.6369,2.7,-15.8943,303.76,214.2024,7.78,5.4143,26640,-1719.2,26640,-7690.58823529412
5.24,3.1754,4.52,-15.748,237.85,188.8085,6.06,4.71,26640,-2694.6,24920,-7622.35294117647
7.06,3.1192,3.8,-16.7388,340.51,197.054,8.66,4.9654,29620,-2667.9,29620,-9020.88235294118
5.98,2.9455,2.15,-16.753,296.76,195.9683,7.57,4.9959,29620,-2536.35,26575,-8127.64705882353
0.64,-0.1132,10.75,-9.8962,314.01,225.1268,0,0,23290,-2912,23290,-8247.35294117647
1.11,-0.2744,4.2,-14.1178,310.56,222.4018,0,0,23800,-1861.8,23800,-8381.61764705882
0.81,-0.2759,3.47,-12.5405,346.48,218.0188,0,0,23800,-1750.85,22810,-6746.91176470588
0.62,-0.2192,4.04,-13.843,350.26,220.4797,0,0,22810,-2349.15,20090,-7459.41176470588
0.55,-0.1794,5.5,-11.4697,324.89,220.8038,0,0,29020,-2437.15,29020,-6587.05882352941
0.84,-0.347799999999999,9.03,-9.69849999999999,305.79,205.5401,0,0,29020,-2277.6,26715,-7756.32352941176
0.62,-0.3301,6.13,-11.3464,354.45,233.4824,0,0,29365,-1926.65,29365,-6844.85294117647
1.43,-0.4902,3.75,-14.2017,374.84,229.7098,0,0,29365,-2020.6,28595,-7743.08823529412
1.68,-0.859799999999999,6.25,-16.2018,456.89,273.8489,0,0,28595,-2400.2,21845,-13934.8529411765
1.52,-0.1758,1.93,-15.5953,352.92,225.8339,0,0,27105,-1860.05,27105,-6557.05882352941
0.48,-0.2505,6.64,-12.0914,341.25,234.2213,0,0,27105,-1838.95,26800,-8600.73529411765
1.42,-0.4984,3.7,-13.4858,339.03,204.5966,0,0,26800,-1931.7,20125,-7619.55882352941
1.17,-0.0875,4.12,-12.0636,321.7,206.8455,0,0,25620,-2954.75,25620,-6907.64705882353
0.7,-0.3779,0.17,-17.6814,284.43,203.1246,0,0,25620,-1677.7,22650,-8141.47058823529
2.06,-0.1095,5.35,-11.5134,315.39,199.5144,0,0,24690,-3501,24690,-7144.41176470588
2.26,-0.2627,3.92,-11.7329,316.79,207.8284,0,0,24690,-2921.65,21360,-6287.64705882353
2.07,-0.0688999999999999,1.34,-12.1887,340.88,207.05,0,0,22730,-2882.7,22730,-6360.73529411765
2.55,-0.1223,0.31,-11.5072,324.54,196.7783,0,0,22730,-3067.85,22580,-5760.44117647059
2.31,-0.1327,2.75,-10.3856,278.73,187.0418,0,0,22580,-3954.7,21335,-5262.20588235294
2.79,-0.0674999999999999,-1.56,-12.543,264.01,167.4421,0,0,21335,-3407.3,20075,-4534.55882352941
1.27,-0.1621,7.08,-10.7949,325.96,214.1352,0,0,25195,-3389.65,25195,-7088.08823529412
1.71,-0.3481,0.3,-14.2548,338.3,206.8215,0,0,25195,-1993.55,18275,-6891.17647058824
0.83,-0.1226,2.08,-13.226,269.76,203.7098,0,0,27120,-2542.9,27120,-6068.23529411765
0.55,-0.4973,3.38,-10.5807,283.79,214.8954,0,0,27120,-970.5,25590,-5926.17647058824
0.6,-0.3404,2.4,-11.8008,274.68,220.5671,0,0,25590,-1493.2,21020,-6215.88235294118
0.79,-0.2123,0.69,-14.4312,332.81,214.8251,0,0,21795,-1926.1,21795,-7249.11764705882
0.63,-0.2318,0.91,-13.3076,279.05,192.963,0,0,22265,-2280.9,22265,-6563.23529411765
0.86,-0.406,-2.13,-16.6943,241.73,190.1616,0,0,27890,-1890.25,27890,-6542.64705882353
0.7,-0.3986,2.02,-13.952,300.41,218.8256,0,0,27890,-649.25,23590,-7477.94117647059
0.51,-0.2494,2.95,-13.5694,349.88,214.2136,0,0,26320,-2041.7,26320,-7442.79411764706
1.81,-0.328,2.91,-13.4287,326.32,212.0873,0,0,26320,-2789.9,22895,-6739.41176470588
1.85,-0.1866,2.79,-11.1607,311.25,195.0163,0,0,22895,-2830.85,21555,-6514.11764705882
0.66,-0.2322,2.08,-13.5915,363.35,237.208,0,0,23400,-957.6,23400,-7236.47058823529
0.6,-0.2565,4.48,-11.4973,289.89,226.2586,0,0,29070,-1526.9,29070,-5761.61764705882
0.92,-0.3971,1.91,-13.2717,290.21,214.3704,0,0,29070,-1010.7,22805,-6969.26470588235
0.46,-0.211,7.38,-11.2782,249.08,206.4915,0,0,25780,-1970.6,25780,-7396.91176470588
1.02,-0.2918,3.8,-14.8015,253.4,194.7761,0,0,26990,-2581.85,26990,-6948.82352941176
1.74,-0.2425,11.03,-12.6087,289.24,180.1388,0,0,26990,-4138.15,24765,-9122.35294117647
0.65,-0.1876,5.52,-11.6701,267.63,196.1389,0,0,24765,-2660.6,21260,-6911.32352941176
0.92,-0.1811,6.12,-12.1585,261.62,202.768,0,0,21260,-2703.3,20700,-6654.85294117647
0.55,-0.1347,4.67,-13.2213,324.54,226.6642,0,0,27775,-2082.35,27775,-6625.14705882353
0.48,-0.3253,3.11,-12.3148,270.68,203.6775,0,0,27775,-1200.05,25240,-6690.73529411765
0.63,-0.3834,-0.11,-15.1705,246.23,190.7107,0,0,25240,-1363.65,25230,-6146.17647058824
1.01,-0.4321,4.45,-15.7644,272.83,202.999,0,0,30355,-2274.85,30355,-7901.17647058824
1.05,-0.676300000000001,-1.5,-15.4138,289.57,195.7694,0,0,30355,-984.2,26595,-7003.67647058824
1.53,-0.4415,1.06,-13.2771,303.43,194.2331,0,0,26705,-1596.6,26705,-7129.55882352941
2.22,-0.3809,-0.58,-14.7021,286.67,184.1343,0,0,26705,-2902.7,23440,-7159.85294117647
2.67,-0.0307999999999999,-4.3,-13.978,275.92,186.7549,0,0,23440,-4435.45,16365,-3244.70588235294
2.89,0.168,-0.3,-12.2499,263.12,175.5813,0,0,25110,-5426.15,25110,-3902.35294117647
3.09,0.1971,-1.9,-13.0973,254.27,176.3402,0,0,25110,-5430.05,13865,-3177.5
2.7,-0.00159999999999998,-0.35,-11.1451,238.68,165.5877,0,0,22345,-4664.3,22345,-1778.23529411765
2.81,0.176,-0.06,-11.529,239.79,171.3883,0,0,22345,-5949.35,7660,-3939.41176470588
3.22,0.3717,3.97,-6.70290000000001,241.18,170.8037,0,0,22700,-6645.7,22700,-2630.29411764706
2.59,0.0660000000000001,1.91,-10.2373,252.82,181.4532,0,0,23900,-5478.65,23900,-3570.73529411765
2.88,-0.00600000000000001,-2.92,-13.7407,257.78,174.2958,0,0,23900,-4449.2,21100,-3301.02941176471
3.27,0.0931999999999999,1.19,-11.0337,282.2,179.6339,0,0,21100,-4792.05,14330,-3680.44117647059
3.43,0.417399999999999,-0.14,-10.7122,243.69,166.339,0,0,14330,-5925.85,13525,-3478.52941176471
2.71,0.2715,-1.38,-11.6934,246.52,168.9962,0,0,24565,-5466.25,24565,-2808.08823529412
3.99,0.3731,-0.1,-11.4722,284.43,173.8011,0,0,24565,-4490.35,15710,-4524.55882352941
2.99,0.1967,-0.45,-10.4021,265.52,186.6944,0,0,22255,-4723.15,22255,-2777.94117647059
2.38,-0.0907,-1.62,-13.2967,242.29,161.5424,0,0,25585,-3829.9,25585,-3824.85294117647
2.57,-0.1707,-2.28,-13.6945,250.8,175.3054,0,0,25585,-4432.85,15895,-4250.29411764706
2.66,0.274,0.94,-9.9703,245.95,167.8536,0,0,15895,-6080.4,13230,-3621.76470588235
3.42,0.5284,-1.34,-11.4147,223.87,156.5744,0,0,13230,-6653.95,12730,-3367.64705882353
3.12,0.5524,0.21,-9.69299999999999,209.05,149.2303,0,0,12810,-7719.05,12810,-2888.67647058824
2.94,0.482399999999999,-0.07,-10.376,213.32,152.2376,0,0,12810,-6593.85,11335,-3826.32352941176
4.11,0.7258,3.28,-7.9815,206.33,146.8931,0,0,13360,-7170.05,13360,-3766.47058823529
2.75,0.2715,1.4,-8.40310000000001,239.23,163.1777,0,0,13360,-5350.75,11210,-3361.76470588235
3.1,0.3457,3.69,-6.5076,226.77,162.2188,0,0,14930,-5857.9,14930,-3106.76470588235
2.96,0.3363,-1.56,-10.928,233.21,166.0729,0,0,14930,-5627.3,11435,-3045.58823529412
3.18,0.3494,-0.61,-10.7248,218.41,153.8381,0,0,16485,-6035.65,16485,-3891.91176470588
2.59,0.1796,0.3,-10.1842,231.85,157.7033,0,0,16485,-4461.35,9335,-3557.20588235294
3.12,0.4308,0.86,-9.36029999999999,217.64,154.8959,0,0,12970,-6088.55,12970,-3361.61764705882
3.03,0.465,-0.49,-10.2411,243.41,170.3529,0,0,12970,-6072.35,11175,-3640.29411764706
3.13,0.500299999999999,0.85,-8.55749999999999,215.34,154.0659,0,0,11175,-6819.4,9155,-3264.11764705882
2.84,0.3677,0.63,-10.1312,225.45,155.9449,0,0,13640,-6177.6,13640,-3012.5
2.98,0.414599999999999,-2.16,-11.1646,234.29,168.7313,0,0,13640,-5775.85,11295,-3488.82352941176
3.21,0.2722,3.89,-6.8371,223.09,161.308,0,0,22425,-6233.95,22425,-2614.85294117647
2.46,-0.2584,4.78,-10.3328,287.31,185.2625,0,0,28700,-3796.05,28700,-5581.91176470588
2.93,-0.328499999999999,0.74,-13.2895,329.19,205.3587,0,0,28700,-2412.4,2295,-5662.35294117647
3.24,0.5812,0.37,-9.1975,194.78,145.7954,0,0,6235,-7745,6235,-3878.67647058824
3.57,0.6098,1.37,-7.97059999999999,224.13,157.1244,0,0,11335,-7151.4,11335,-2789.41176470588
3.72,0.717999999999999,-2.35,-10.3252,246.52,172.9078,0,0,11640,-6466.3,11640,-1128.38235294118
3.05,0.2946,0.71,-10.5916,233.21,170.7072,0,0,15625,-5513.35,15625,-4045.73529411765
2.78,0.1461,2.53,-9.74439999999999,249.65,171.5275,0,0,16170,-5435.55,16170,-4142.94117647059
3.14,0.3884,2.34,-9.2519,267.33,173.016,0,0,16170,-5328.95,5190,-4237.79411764706
3.64,0.457,1.8,-8.17610000000001,223.35,155.4226,0,0,11795,-6000.35,11795,-3648.38235294118
2.4,0.145,0.32,-10.5491,245.38,177.7408,0,0,22410,-5074.7,22410,-3677.5
3.4,0.2561,-2.9,-13.2073,253.11,171.0369,0,0,22410,-4929.55,16520,-3159.70588235294
2.81,0.2495,1.38,-11.4941,235.11,165.4261,0,0,16520,-6639.2,12605,-4722.35294117647
2.94,0.2912,3.28,-8.9197,226.24,161.188,0,0,16525,-5598.9,16525,-4534.85294117647
3.03,0.461,2.98,-8.90339999999999,252.53,164.7208,0,0,16525,-6308.2,4600,-3904.70588235294
4.33,0.8588,-1.52,-10.6489,223.35,158.2695,0,0,13325,-7540.9,13325,-3037.5
3.54,0.7361,-1.98,-10.7237,215.85,157.797,0,0,13325,-6879.8,-235,-3356.47058823529
4.69,0.955199999999999,-2.66,-11.7915,208.81,151.085,0,0,17665,-8587.3,17665,-1605.14705882353
3.43,0.3424,1.18,-10.3942,249.94,169.7019,0,0,17665,-6256.05,15860,-3586.32352941176
3.18,0.4618,1.64,-9.9008,245.1,164.5527,0,0,15860,-6853.65,11920,-3940.58823529412
3.2,0.3781,1.53,-10.5832,252.53,174.2388,0,0,16995,-6537.5,16995,-4132.79411764706
